{
    "available_space": true,
    "size_max": 46.69263172149658,
    "size_mean": 10.778739232695505,
    "size_min": 1.4644622802734375,
    "total_size": 959.3077917098999,
    "video_list": {
        "EL CHARLATAN ISMAEL RIVERA-EuCh8f6AsDA.mp4": {
            "size": 5.441191673278809
        },
        "EL V\u00cdDEO DE TERROR  PARA NO DORMIR\ud83d\udc4d\ud83d\udc4c-cGZ0QD3hkbc.mp4": {
            "size": 29.076119422912598
        },
        "ESPECIMEN BUENAS NOCHES DIOS-oeMWBYsBZiQ.mp4": {
            "size": 15.525644302368164
        },
        "EXTREMODURO - Al mundo libre (In\u00e9dita)-s1rNYqkyl18.mp4": {
            "size": 5.127169609069824
        },
        "EXTREMODURO. CALLE ESPERANZA S_N-31x0_FXZK0M.mp4": {
            "size": 15.51180362701416
        },
        "EXTREMODURO. DESARRAIGO-5wzAB1zW-mk.mp4": {
            "size": 16.812060356140137
        },
        "EXTREMODURO. OTRA IN\u00daTIL CANCI\u00d3N PARA LA PAZ-05g7_GhljRU.mp4": {
            "size": 13.47618293762207
        },
        "Echo & The Bunnymen - Lips Like Sugar (Official Music Video)-9hGcJA8fXvU.mp4": {
            "size": 19.37864589691162
        },
        "Echo & The Bunnymen - Seven Seas (Official Music Video)-LbYxP11rbSM.mp4": {
            "size": 11.340147018432617
        },
        "Echo And The Bunnymen \u2022 Show of Strength \u2022 1981-dQfj6hAye38.mp4": {
            "size": 23.858381271362305
        },
        "Edward Sharpe & The Magnetic Zeros - Home (Official Video)-DHEOF_rcND8.mp4": {
            "size": 24.52440071105957
        },
        "Ego Brain-SCXdbOsP5Ew.mp4": {
            "size": 2.9932947158813477
        },
        "Egoista-K2jSDOCiZtE.mp4": {
            "size": 6.193131446838379
        },
        "Ekkaia - El desprecio a lo oculto-zAm7ZS506iY.mp4": {
            "size": 7.246443748474121
        },
        "El Amigo de Todos-fDG1fPzv2II.mp4": {
            "size": 7.1971588134765625
        },
        "El As De La Sierra - El rayo de Sinaloa-BiOXYHB_E_4.mp4": {
            "size": 6.322641372680664
        },
        "El Ayudante De Lino--8poyu5CfL8.mp4": {
            "size": 3.235020637512207
        },
        "El Cemento de los Concejales-1U-adn2OoW8.mp4": {
            "size": 17.916288375854492
        },
        "El Diario de mi vida Chuy Vega y Los Nuevos Cadetes de Linares-VOKMXetJyIg.mp4": {
            "size": 6.341399192810059
        },
        "El Guareque-zWVPolT0D7Y.mp4": {
            "size": 5.898566246032715
        },
        "El Huerfano - Los Cadetes De Linares-ZawanFnfYVA.mp4": {
            "size": 6.879807472229004
        },
        "El Mal Necesario Cartel de Santa vol. 5-Ttc_M0yR3SY.mp4": {
            "size": 9.224433898925781
        },
        "El Muchacho y el Potro-SCw5OvFdVdw.mp4": {
            "size": 5.672706604003906
        },
        "El Palomito-X-gfnDx6Vzg.mp4": {
            "size": 5.066472053527832
        },
        "El Pata de Palo-wys5DjI6-XE.mp4": {
            "size": 5.472841262817383
        },
        "El Pa\u00eds de la Libertad - Le\u00f3n Gieco (Letra)-ueAfy0RI9Tk.mp4": {
            "size": 6.768352508544922
        },
        "El Rat\u00f3n y el Queso (Video)-n_NMGUSL7aA.mp4": {
            "size": 31.408668518066406
        },
        "El Sargento Cinete-QSjhX3WK-Ac.mp4": {
            "size": 3.5524187088012695
        },
        "El Tarachi-XjxoJaKzeBQ.mp4": {
            "size": 4.296783447265625
        },
        "El Vengador 30-06 - Los Cadetes De Linares-QC3xzH2zfug.mp4": {
            "size": 4.871630668640137
        },
        "Elektroduendes - tras la alambrada (album completo)-lRjozjEZWio.mp4": {
            "size": 23.880563735961914
        },
        "Ella Fitzgerald & Teddy Wilson - My Melancholy Baby (Brunswick Records 1936)-xLTbEC1prcs.mp4": {
            "size": 8.251002311706543
        },
        "Ella Fitzgerald - All The Things You Are (with lyrics)-OPapxr8GvGA.mp4": {
            "size": 7.196730613708496
        },
        "Elvis Presley - Can't Help Falling In Love (Audio)-vGJTaP6anOU.mp4": {
            "size": 2.9884958267211914
        },
        "Elvis Presley - Promised Land-_HR_-hsAIRA.mp4": {
            "size": 4.524792671203613
        },
        "Emperor - Curse You All Men !-mEApWIAaiDk.mp4": {
            "size": 22.960765838623047
        },
        "Emperor - I Am the Black Wizards-YgQRRI9goFg.mp4": {
            "size": 14.444046974182129
        },
        "Emperor - Night of the Graveless Souls (w_ lyrics)-Sr4rmY6bTSk.mp4": {
            "size": 4.975024223327637
        },
        "En El Refuego - Grupo Diez 4tro (Official Music Video)-MY1BAMNvS70.mp4": {
            "size": 15.840490341186523
        },
        "En Un Hilo - Diego Verdaguer (Audio Oficial)-H1x3uamxjos.mp4": {
            "size": 5.990145683288574
        },
        "En el Cofre de Mi Alma-gkOqAe7hFgk.mp4": {
            "size": 6.5278120040893555
        },
        "Envidia Kotxina - A falta de paz, buenas son ostias-Ta2Z_5_yUXg.mp4": {
            "size": 6.0554046630859375
        },
        "Envidia Kotxina - Acaba ya-sYId86fmmQs.mp4": {
            "size": 4.278554916381836
        },
        "Envidia Kotxina - Hoy ha muerto un ni\u00f1o-CKWJmVdOTW8.mp4": {
            "size": 4.8084564208984375
        },
        "Envidia Kotxina - Kampos de Exterminio-WLw4YOLVlug.mp4": {
            "size": 4.335920333862305
        },
        "Envidia Kotxina - Kampos de exterminio (disco completo)-qgzqCGQieuE.mp4": {
            "size": 45.54575157165527
        },
        "Envidia Kotxina - Kanziones malditas-vipRC9o8cxU.mp4": {
            "size": 5.274730682373047
        },
        "Envidia Kotxina - La Uarra Civil-_o3ORZg21q0.mp4": {
            "size": 3.343808174133301
        },
        "Envidia Kotxina - Pensando En El Ayer-LzgU093iTps.mp4": {
            "size": 3.0374269485473633
        },
        "Envidia Kotxina - Rekuerdos-dhHI77DQ5g4.mp4": {
            "size": 6.935121536254883
        },
        "Envidia Kotxina - Ten Kuidado-EFPAc646JJA.mp4": {
            "size": 7.482300758361816
        },
        "Eptos Uno - Fronteras-M9VDUSypqtI.mp4": {
            "size": 17.006813049316406
        },
        "Er Tio Der Saco-XjUpcqHyVoU.mp4": {
            "size": 6.615391731262207
        },
        "Eric Clapton - I Shot The Sheriff [Crossroads 2010] (Official Live Video)-APWhx97QvxE.mp4": {
            "size": 38.89275932312012
        },
        "Eskorbuto - Kanziones malditas II (disco completo)-1ps_ewF4Zps.mp4": {
            "size": 46.69263172149658
        },
        "Eskorbuto - La marcha del siglo 20-ghkHejaezCk.mp4": {
            "size": 8.58973503112793
        },
        "Eskorbuto - Paz Primero La Guerra-tZ88BNBo8nM.mp4": {
            "size": 8.513114929199219
        },
        "Eskorbuto-Que corra la sangre!-gbGzfSkP7a0.mp4": {
            "size": 5.62611198425293
        },
        "Especimen-Corazon Amargo-un3M7I8PVGo.mp4": {
            "size": 4.950085639953613
        },
        "Esperame En El Cielo - Los Panchos-gxpbfg_DQh4.mp4": {
            "size": 10.278374671936035
        },
        "Espinoza Paz - Ponte En Mi Lugar ( video oficial )-4qtXVxNG2Zs.mp4": {
            "size": 8.56307601928711
        },
        "Esta Cobard\u00eda-ScRN3yp8LzQ.mp4": {
            "size": 5.192319869995117
        },
        "Este Es Mi Mundo-RtZdAllgDtU.mp4": {
            "size": 7.891261100769043
        },
        "Esto No Trae Precio-WFktzWyxwrg.mp4": {
            "size": 1.4644622802734375
        },
        "Europe - I'll Cry For You (Official Music Video)-FoeYA4TmAcc.mp4": {
            "size": 21.025139808654785
        },
        "Eurythmics, Annie Lennox, Dave Stewart - Sweet Dreams (Are Made Of This) (Official Video)-qeMFqkcPYcg.mp4": {
            "size": 9.470149993896484
        },
        "Ever Lovin' Fingers ~ Jimmy Bowen w_ The Rhythm Orchids (1957)-hbrCwmum1Qs.mp4": {
            "size": 6.747017860412598
        },