{
    "available_space": true,
    "id": "e",
    "size_max": 46.69263172149658,
    "size_mean": 10.785725169711643,
    "size_min": 1.4644622802734375,
    "total_size": 970.7152652740479
}